Model,MAE,RMSE,R²,MAPE (%)
linear_regression,0.06166969384304491,0.07804337170337582,-3.566402891346881,26.409534678232905
ridge,0.03816664730429974,0.04940683504580659,-0.8301060096819528,17.270148418165185
random_forest,0.029648528323076417,0.03730989889596728,-0.04363905508041066,12.759649671160005
mlp,1.0416523025136213,1.1977411186141502,-1074.5437897265726,431.03091146482416
