Model,MAE,RMSE,R²,MAPE (%)
linear_regression,0.07269102548587006,0.08132849193038631,-3.9588640694512556,27.828308090851518
ridge,0.07150041371313716,0.07993298105649217,-3.7901463826241244,27.363847369733396
random_forest,0.03721077448978817,0.045998871776635065,-0.5863211870693417,16.417401187074105
mlp,0.4062145137805832,0.4366745734315511,-141.9593531793979,167.70099396436865
